{
  "lang":"en",
  "name":"pipeline",
  "version":"0.0.0",
  "spacy_version":">=3.7.6,<3.8.0",
  "description":"",
  "author":"",
  "email":"",
  "url":"",
  "license":"",
  "spacy_git_version":"319e025",
  "vectors":{
    "width":0,
    "vectors":0,
    "keys":0,
    "name":null,
    "mode":"default"
  },
  "labels":{
    "ner":[
      "BANK_ACCOUNT",
      "CARDINAL",
      "CAR_PLATE",
      "CREDIT_CARD",
      "DATE",
      "EMAIL",
      "GPE",
      "MONEY",
      "NRIC",
      "ORG",
      "PASSPORT_NUM",
      "PERSON",
      "PHONE",
      "TIME"
    ]
  },
  "pipeline":[
    "ner"
  ],
  "components":[
    "ner"
  ],
  "disabled":[

  ]
}